form_factor,P_Port,P_TRX_UP
SFP,0.054276556776553075,0.004644574175824534
SFP+,0.553925925925925,-0.016222222222221767
QSFP28,0.5331864221115538,0.12624594393651392
QSFP-DD,1.8164000000000124,-0.06915862068965994
XFP,0,0
QSFP+,0,0
